,,u_-2_0,u_-1_0,u_0_0,u_1_0,u_2_0,u_-2_1,u_-1_1,u_0_1,u_1_1,u_2_1,u_-2_2,u_-1_2,u_0_2,u_1_2,u_2_2,u_-2_3,u_-1_3,u_0_3,u_1_3,u_2_3
alpha_000,a,3.851200E+03,-1.122722E+03,1.454948E+02,-3.513050E+00,5.588496E-02,-6.308333E+04,2.123355E+04,-2.379287E+03,1.221979E+02,-2.224038E+00,2.767543E+05,-9.911208E+04,1.235071E+04,-6.949219E+02,1.386954E+01,-4.123287E+05,1.561335E+05,-2.077001E+04,1.249547E+03,-2.639194E+01
alpha_000,mu,-2.447368E+00,4.542144E-01,9.583600E-01,1.889633E-03,-3.198187E-05,2.386150E+01,-8.423962E+00,9.944930E-01,-5.162416E-02,9.456027E-04,-9.346260E+01,3.426129E+01,-4.336222E+00,2.438069E-01,-4.810714E-03,1.171841E+02,-4.404236E+01,5.749715E+00,-3.531865E-01,7.435631E-03
alpha_000,sigma,-2.809340E-01,1.406148E-01,1.862349E-02,-1.067739E-03,2.083069E-05,-2.632573E+00,1.032831E+00,-1.586325E-01,1.067940E-02,-2.284029E-04,2.100271E+01,-7.962742E+00,1.086620E+00,-6.189444E-02,1.352259E-03,-4.071784E+01,1.581394E+01,-2.220286E+00,1.285189E-01,-2.727280E-03
alpha_000,lambda,-3.404738E+02,3.983591E+01,1.497758E+01,-6.156837E-01,1.348911E-02,-1.203489E+03,3.853275E+02,-3.355571E+01,1.402946E+00,-3.188079E-02,2.146751E+04,-7.476519E+03,8.545394E+02,-3.612323E+01,5.803127E-01,-4.258084E+04,1.556356E+04,-1.910117E+03,9.344791E+01,-1.518307E+00
alpha_002,a,2.002069E+03,-1.673491E+03,3.808372E+02,-2.512233E+01,1.067690E+00,-7.528649E+03,1.430213E+04,-4.393379E+03,4.685915E+02,-1.676836E+01,1.998351E+05,-1.257990E+05,2.746212E+04,-2.472472E+03,7.922170E+01,-5.532508E+05,2.765769E+05,-5.102550E+04,4.067879E+03,-1.196122E+02
alpha_002,mu,7.682530E-01,-8.352912E-01,1.131299E+00,-6.675666E-03,1.113307E-04,-3.965235E-01,7.199546E-01,-2.385408E-01,1.658241E-02,-3.064378E-04,-1.126214E+01,3.394071E+00,-1.351021E-01,1.328240E-03,-2.613422E-05,6.032185E+00,-1.457330E+00,-1.526137E-01,-7.083289E-03,3.552363E-04
alpha_002,sigma,1.121250E+00,-3.778769E-01,8.118622E-02,-4.017649E-03,6.869058E-05,-1.637120E+01,6.244688E+00,-8.540681E-01,4.794260E-02,-8.916687E-04,7.399828E+01,-2.868687E+01,3.968187E+00,-2.255610E-01,4.411206E-03,-1.131954E+02,4.450514E+01,-6.263569E+00,3.626915E-01,-7.211919E-03
alpha_002,lambda,2.774298E+03,-1.165060E+03,1.764018E+02,-9.081139E+00,1.508874E-01,-1.051842E+04,3.676076E+03,-4.609058E+02,2.910789E+01,-4.903118E-01,2.057597E+04,-4.807448E+03,2.293658E+02,-2.136749E+00,-1.029798E-01,-1.662721E+04,2.009380E+03,4.355582E+02,-4.622542E+01,1.113690E+00
alpha_002,b,-2.267247E+00,7.610350E-01,9.642512E-01,5.106013E-03,-7.954663E-05,2.319538E+01,-8.190687E+00,9.120816E-01,-5.205558E-02,8.519649E-04,-8.120190E+01,2.671914E+01,-3.146450E+00,1.708720E-01,-3.016898E-03,8.219397E+01,-2.691319E+01,3.088508E+00,-1.850647E-01,3.605334E-03
alpha_010,a,1.253793E+04,-4.106136E+03,4.093580E+02,-7.510233E+01,1.080831E+00,-6.389331E+05,2.172696E+05,-2.288403E+04,8.477199E+02,-7.028494E+00,2.437617E+06,-8.022655E+05,8.265419E+04,-3.102388E+03,1.588027E+01,-2.315585E+06,7.384734E+05,-7.197390E+04,2.339439E+03,1.562449E+01
alpha_010,mu,-1.036529E+00,-1.579220E-01,1.038495E+00,-2.019251E-03,3.410796E-05,1.357772E+01,-4.490099E+00,4.320316E-01,-1.802365E-02,2.690868E-04,-4.948701E+01,1.728874E+01,-1.811476E+00,8.410630E-02,-1.360152E-03,3.675869E+01,-1.206352E+01,1.013733E+00,-5.801686E-02,1.080833E-03
alpha_010,sigma,1.481057E-01,-3.710546E-02,3.975570E-02,-2.110946E-03,3.894284E-05,-7.839144E+00,3.182125E+00,-4.779875E-01,2.935871E-02,-5.926868E-04,4.762686E+01,-1.908761E+01,2.778408E+00,-1.650821E-01,3.407692E-03,-8.552468E+01,3.435211E+01,-4.985548E+00,2.964337E-01,-6.075287E-03
alpha_010,lambda,2.346368E+03,-9.704463E+02,1.326286E+02,-5.178112E+00,7.706759E-02,-6.794482E+03,1.504960E+03,-1.467656E+01,-4.195552E+00,1.692014E-01,-1.182048E+03,5.812138E+03,-1.582068E+03,1.183141E+02,-2.453004E+00,2.176432E+04,-1.430787E+04,2.888569E+03,-1.956837E+02,3.903945E+00
alpha_010,b,-1.482637E+00,1.183606E+00,8.965543E-01,8.901264E-03,-1.678793E-04,3.249232E+01,-1.538158E+01,2.104500E+00,-1.287329E-01,2.593982E-03,-1.585882E+02,6.434812E+01,-9.403717E+00,5.761704E-01,-1.212388E-02,2.250542E+02,-8.935333E+01,1.304080E+01,-8.239182E-01,1.777625E-02
alpha_012,a,3.633985E+05,-1.562638E+05,2.507046E+04,-1.701659E+03,2.754347E+01,-4.355079E+06,1.626350E+06,-2.133075E+05,1.125867E+04,-1.741730E+02,1.758733E+07,-6.411282E+06,8.050620E+05,-3.936624E+04,5.722699E+02,-2.228554E+07,8.150424E+06,-1.024241E+06,4.955152E+04,-6.691055E+02
alpha_012,mu,3.288067E-01,-7.811435E-01,1.129501E+00,-6.010122E-03,9.348530E-05,3.024069E+00,1.651648E+00,-5.220734E-01,3.591167E-02,-7.272967E-04,7.342097E-01,-1.020952E+01,2.524892E+00,-1.779833E-01,3.892070E-03,-1.064263E+01,1.781192E+01,-4.220963E+00,2.888252E-01,-6.373711E-03
alpha_012,sigma,9.645746E-01,-3.792740E-01,8.727165E-02,-4.504243E-03,8.131779E-05,-1.558256E+01,7.502916E+00,-1.171061E+00,7.067965E-02,-1.411018E-03,8.685968E+01,-4.037000E+01,6.246657E+00,-3.791000E-01,7.760195E-03,-1.443583E+02,6.507520E+01,-9.983282E+00,6.093829E-01,-1.253707E-02
alpha_012,lambda,6.316206E+03,-2.399771E+03,3.151314E+02,-1.420901E+01,2.260182E-01,-5.501261E+04,1.955890E+04,-2.321121E+03,1.177281E+02,-1.975718E+00,2.247040E+05,-7.671699E+04,8.658591E+03,-4.103683E+02,6.932200E+00,-2.590901E+05,8.717710E+04,-9.476149E+03,4.408442E+02,-7.453920E+00
alpha_012,b,-1.510942E+00,5.745475E-01,1.010332E+00,3.445495E-03,-5.265194E-05,-3.273723E+00,2.233656E-01,-8.673596E-02,-3.233892E-03,7.194071E-05,4.398913E+01,-1.756712E+01,2.110520E+00,-9.364999E-02,1.354243E-03,-8.008725E+01,3.300425E+01,-4.348580E+00,2.016962E-01,-3.030375E-03
alpha_012,c,-8.908409E-01,-3.613325E-01,1.042725E+00,-1.773638E-04,-1.274177E-05,-4.552756E+00,9.711572E-01,-1.632747E-02,-1.057676E-02,3.662748E-04,4.331645E+01,-1.121665E+01,4.903343E-01,3.004923E-02,-1.496174E-03,-7.761916E+01,2.074371E+01,-1.260612E+00,-3.946868E-02,2.318910E-03
alpha_020,a,4.207932E+04,4.401238E+04,-1.751195E+04,1.912910E+03,-2.299680E+01,-4.087058E+06,1.461044E+06,-1.860066E+05,9.505727E+03,-2.369337E+02,1.168126E+07,-4.350424E+06,5.894522E+05,-3.447098E+04,8.623583E+02,-3.928216E+06,1.286824E+06,-1.634313E+05,1.205042E+04,-5.758523E+02
alpha_020,mu,-1.689733E+00,-6.247530E-03,1.026334E+00,-1.099813E-03,1.389904E-05,3.728822E+01,-1.063915E+01,9.828819E-01,-3.904510E-02,5.704862E-04,-1.389333E+02,3.726715E+01,-3.207593E+00,1.113442E-01,-1.300089E-03,8.590305E+01,-1.521996E+01,-6.743564E-02,6.538793E-02,-2.028050E-03
alpha_020,sigma,7.820856E-01,-2.767980E-01,6.939227E-02,-3.540256E-03,6.354647E-05,-1.956685E+01,7.889409E+00,-1.097239E+00,6.180147E-02,-1.180245E-03,1.093437E+02,-4.393805E+01,6.068801E+00,-3.400985E-01,6.590095E-03,-1.802634E+02,7.156550E+01,-9.903813E+00,5.593472E-01,-1.085786E-02
alpha_020,lambda,-2.303291E+04,7.985196E+03,-9.645318E+02,5.099325E+01,-9.222339E-01,4.980433E+05,-1.760011E+05,2.150470E+04,-1.082958E+03,1.927637E+01,-2.302006E+06,8.173533E+05,-1.004036E+05,5.095342E+03,-9.094768E+01,2.942093E+06,-1.049241E+06,1.297626E+05,-6.620347E+03,1.187474E+02
alpha_020,b,-1.409375E+00,2.210935E+00,-2.499203E+00,2.368182E-02,-4.594175E-04,7.872577E+01,-5.234197E+01,8.003711E+00,-4.452614E-01,8.423516E-03,-5.395967E+02,2.802344E+02,-3.941230E+01,2.171731E+00,-4.070614E-02,8.501267E+02,-4.006308E+02,5.565677E+01,-3.035600E+00,5.697510E-02
alpha_020,c,2.432713E+00,-2.557617E+00,1.538834E+00,-2.546771E-02,4.896493E-04,-9.940956E+01,5.829978E+01,-8.641505E+00,4.750105E-01,-8.933209E-03,6.304664E+02,-3.061484E+02,4.216991E+01,-2.302813E+00,4.298914E-02,-9.639271E+02,4.337382E+02,-5.922269E+01,3.208127E+00,-6.003420E-02
alpha_022,a,6.406376E+03,-3.408815E+03,6.365441E+02,-5.410004E+01,8.583081E-01,-4.457788E+04,2.301912E+04,-3.997243E+03,2.662669E+02,-3.994523E+00,1.287093E+05,-5.599968E+04,8.468044E+03,-5.111297E+02,6.339609E+00,-9.040563E+04,3.267980E+04,-3.920000E+03,1.765295E+02,1.496058E+00
alpha_022,mu,-2.877278E-01,-4.662780E-01,1.073108E+00,-2.072283E-03,2.446290E-05,6.642640E+00,-4.170301E-02,-3.345910E-01,2.613043E-02,-5.736030E-04,-7.124923E+00,-6.820401E+00,2.374829E+00,-1.891118E-01,4.290764E-03,-4.729599E+01,2.915471E+01,-5.767277E+00,3.856300E-01,-8.335522E-03
alpha_022,sigma,2.437986E-01,-9.164807E-02,4.796089E-02,-2.485503E-03,4.869844E-05,-1.656298E+01,7.057054E+00,-1.055092E+00,6.350188E-02,-1.283389E-03,1.011712E+02,-4.175879E+01,6.104895E+00,-3.643580E-01,7.443229E-03,-1.676671E+02,6.831314E+01,-9.932355E+00,5.939465E-01,-1.213487E-02
alpha_022,lambda,3.832345E+03,-1.406922E+03,1.568946E+02,-2.706725E+00,-5.793872E-03,-3.533784E+04,1.549762E+04,-2.289617E+03,1.321506E+02,-2.332799E+00,1.627554E+05,-7.363739E+04,1.161229E+04,-7.420185E+02,1.486809E+01,-2.612657E+05,1.148447E+05,-1.783847E+04,1.153152E+03,-2.414968E+01
alpha_022,b,-2.330601E+00,1.005668E+00,9.081899E-01,6.946783E-03,-1.271365E-04,2.035230E+01,-9.454889E+00,1.406768E+00,-8.406752E-02,1.647405E-03,-8.483930E+01,3.531716E+01,-5.382321E+00,3.332043E-01,-6.790360E-03,1.135615E+02,-4.555273E+01,6.633520E+00,-4.294969E-01,8.993848E-03
alpha_100,a,3.223211E+04,-2.288270E+03,6.566615E+02,1.037271E+01,-3.945929E-01,1.925709E+05,-7.300882E+04,4.907697E+03,-5.719806E+01,2.263732E-02,-6.045781E+05,9.448720E+04,9.811290E+03,-1.599632E+03,3.774354E+01,-3.533067E+05,3.059812E+05,-6.496986E+04,4.935152E+03,-1.049722E+02
alpha_100,mu,-2.139764E+00,2.843438E-01,9.816472E-01,6.331410E-04,-8.451594E-06,1.917145E+01,-6.148805E+00,6.120194E-01,-2.679291E-02,4.236442E-04,-6.003640E+01,1.914978E+01,-1.922145E+00,8.517812E-02,-1.417868E-03,4.008270E+01,-1.128443E+01,7.894821E-01,-3.938323E-02,8.041285E-04
alpha_100,sigma,-2.133639E-01,9.435880E-02,2.384559E-02,-1.383064E-03,2.739438E-05,-5.739276E+00,2.502092E+00,-3.917396E-01,2.467100E-02,-5.049251E-04,4.311583E+01,-1.768581E+01,2.575173E+00,-1.527664E-01,3.144354E-03,-8.245842E+01,3.333316E+01,-4.815319E+00,2.851969E-01,-5.813774E-03
alpha_100,lambda,3.563006E+02,-2.105085E+02,3.309980E+01,-1.076500E+00,2.070274E-02,2.837665E+03,-1.121241E+03,1.429594E+02,-4.706421E+00,2.109161E-02,7.033961E+03,-2.197893E+03,2.767265E+02,-1.819418E+01,5.700836E-01,-4.452134E+04,1.665039E+04,-2.183447E+03,1.246542E+02,-2.551324E+00
alpha_100,b,2.516481E+00,-7.561950E-01,1.192592E+00,-3.129983E-03,5.917487E-05,-3.627233E+01,1.175342E+01,-1.119379E+00,3.477656E-02,-5.025095E-04,5.457290E+01,-1.369800E+01,3.540226E-01,4.919689E-02,-1.396777E-03,3.410275E+01,-1.994358E+01,3.681909E+00,-2.765297E-01,5.580525E-03
alpha_102,a,-6.856340E+05,2.622682E+05,-3.660467E+04,2.244870E+03,-3.185355E+01,6.137201E+06,-2.169883E+06,2.585220E+05,-1.154581E+04,7.409787E+01,-1.448812E+07,4.650962E+06,-4.465311E+05,8.896180E+03,4.562999E+02,7.551852E+06,-1.680629E+06,-2.437155E+04,2.416801E+04,-1.309850E+03
alpha_102,mu,2.029208E+00,-1.334342E+00,1.200288E+00,-1.021684E-02,1.754883E-04,-2.053434E+01,9.208884E+00,-1.457484E+00,8.575801E-02,-1.651634E-03,1.027277E+02,-4.345086E+01,6.565071E+00,-3.852125E-01,7.595296E-03,-1.842434E+02,7.522177E+01,-1.102229E+01,6.226352E-01,-1.209212E-02
alpha_102,sigma,1.210979E+00,-4.355484E-01,9.141676E-02,-4.700571E-03,8.333417E-05,-1.655155E+01,6.928412E+00,-1.013362E+00,5.926035E-02,-1.150481E-03,8.318280E+01,-3.463883E+01,5.056228E+00,-2.969691E-01,5.950188E-03,-1.396380E+02,5.725550E+01,-8.294319E+00,4.880913E-01,-9.796721E-03
alpha_102,lambda,3.515798E+03,-1.375287E+03,1.888200E+02,-9.350304E+00,1.589895E-01,-1.692544E+04,5.801024E+03,-6.929186E+02,3.810435E+01,-6.389577E-01,4.885005E+04,-1.418989E+04,1.327130E+03,-4.527833E+01,5.316141E-01,-5.412375E+04,1.444085E+04,-1.022751E+03,1.249375E+01,2.941542E-01
alpha_102,b,9.896044E-01,-5.359205E-01,1.211318E+00,-6.516893E-03,1.397498E-04,-2.115083E+01,1.077992E+01,-1.550286E+00,8.464037E-02,-1.657651E-03,5.515001E+01,-3.270858E+01,4.342327E+00,-2.489795E-01,4.841110E-03,-3.356090E+01,2.409815E+01,-3.469486E+00,1.856456E-01,-3.717749E-03
alpha_102,c,-1.101988E+00,-9.581669E-02,1.030873E+00,5.216245E-04,-2.163505E-05,1.656226E+01,-6.404897E+00,8.220129E-01,-5.034733E-02,1.015738E-03,-9.621431E+01,3.594247E+01,-4.996712E+00,2.922561E-01,-5.857321E-03,1.463785E+02,-5.501400E+01,7.618304E+00,-4.639771E-01,9.416110E-03
alpha_110,a,-8.518457E+04,2.794467E+04,-3.582669E+03,1.439684E+02,-3.291069E+00,1.473981E+06,-6.367517E+05,9.603977E+04,-5.886280E+03,1.252324E+02,-8.437237E+06,3.705117E+06,-5.728013E+05,3.648459E+04,-7.875363E+02,1.505757E+07,-6.437221E+06,9.829169E+05,-6.297499E+04,1.383257E+03
alpha_110,mu,-9.903384E-01,-1.303506E-01,1.025840E+00,-1.183416E-03,1.950010E-05,2.422494E+01,-7.402967E+00,6.853607E-01,-2.596126E-02,3.136129E-04,-9.703941E+01,3.081739E+01,-3.044076E+00,1.125577E-01,-1.177408E-03,8.048518E+01,-2.414507E+01,1.997281E+00,-5.759027E-02,-1.401836E-04
alpha_110,sigma,2.283359E-01,-6.643015E-02,4.315441E-02,-2.368479E-03,4.590843E-05,-9.535641E+00,4.169241E+00,-6.508426E-01,4.101907E-02,-8.557515E-04,6.041297E+01,-2.522488E+01,3.767100E+00,-2.314949E-01,4.892019E-03,-1.094324E+02,4.470892E+01,-6.565510E+00,3.996157E-01,-8.359229E-03
alpha_110,lambda,2.679968E+02,1.971609E+01,-4.234292E+01,7.669287E+00,-2.020579E-01,1.198844E+05,-4.798906E+04,6.795564E+03,-3.944252E+02,7.965646E+00,-7.646573E+05,3.075601E+05,-4.394901E+04,2.587785E+03,-5.229081E+01,1.235115E+06,-4.997042E+05,7.238309E+04,-4.361737E+03,9.052044E+01
alpha_110,b,-1.005839E+01,4.058498E+00,5.725504E-01,2.574677E-02,-5.068220E-04,6.332996E+01,-3.496626E+01,6.369670E+00,-4.427176E-01,1.020895E-02,-4.338951E+02,2.164481E+02,-3.776335E+01,2.669749E+00,-6.370633E-02,8.826985E+02,-4.060046E+02,6.700958E+01,-4.705686E+00,1.153723E-01
alpha_112,a,-9.953862E+05,2.119565E+05,1.642305E+04,-3.130605E+03,-2.341203E+02,6.628314E+07,-3.078611E+07,4.842255E+06,-3.062596E+05,7.906498E+03,-2.906483E+08,1.331627E+08,-2.122990E+07,1.363720E+06,-3.167640E+04,3.307499E+08,-1.481696E+08,2.345888E+07,-1.508324E+06,3.412469E+04
alpha_112,mu,2.705870E+01,-8.865995E+00,1.981470E+00,-4.382082E-02,6.967077E-04,-5.582728E+02,1.683156E+02,-1.796270E+01,8.069789E-01,-1.299171E-02,2.507180E+03,-7.586472E+02,8.094947E+01,-3.643197E+00,5.881388E-02,-2.675520E+03,8.214264E+02,-8.910331E+01,4.053629E+00,-6.590716E-02
alpha_112,sigma,-1.849363E+00,5.386071E-01,-1.904661E-02,5.845394E-04,-6.065478E-06,1.304706E+01,-3.052381E+00,1.179480E-01,5.620349E-03,-2.471377E-04,6.668995E+01,-2.891423E+01,4.476320E+00,-2.723358E-01,5.538578E-03,-3.221249E+02,1.182071E+02,-1.547511E+01,8.383924E-01,-1.575281E-02
alpha_112,lambda,-1.544267E+04,4.235466E+03,-3.743591E+02,1.518874E+01,-2.225451E-01,2.254047E+05,-6.849102E+04,6.547945E+03,-2.481694E+02,3.383432E+00,-3.195225E+05,1.059131E+05,-8.571592E+03,2.122311E+02,-7.059941E-01,-2.433041E+04,-2.158977E+03,-2.793638E+03,3.278372E+02,-8.103549E+00
alpha_112,b,-2.534482E+02,7.860847E+01,-1.061011E+01,3.801113E-01,-6.140637E-03,4.491145E+03,-1.408176E+03,1.520045E+02,-6.850280E+00,1.106650E-01,-1.878413E+04,5.946232E+03,-6.452579E+02,2.918609E+01,-4.723866E-01,1.923951E+04,-6.144439E+03,6.728215E+02,-3.056112E+01,4.966639E-01
alpha_112,c,2.773975E+02,-8.556373E+01,1.032170E+01,-4.103551E-01,6.608762E-03,-4.935842E+03,1.538589E+03,-1.653062E+02,7.421528E+00,-1.195101E-01,2.064432E+04,-6.494741E+03,7.011624E+02,-3.158144E+01,5.093152E-01,-2.111896E+04,6.694133E+03,-7.280215E+02,3.288415E+01,-5.318099E-01
alpha_112,d,5.807046E+00,-2.391326E+00,1.278923E+00,-1.230537E-02,2.048447E-04,-9.334916E+01,3.722654E+01,-4.730305E+00,2.371281E-01,-4.148525E-03,4.002143E+02,-1.624231E+02,2.127518E+01,-1.099716E+00,1.956918E-02,-5.175371E+02,2.079621E+02,-2.762779E+01,1.439696E+00,-2.580135E-02
alpha_120,a,-1.603276E+06,5.281482E+05,-6.178354E+04,3.512268E+03,-3.306886E+01,1.315593E+07,-3.828189E+06,3.396271E+05,-1.020074E+04,-4.894882E+01,-3.642657E+07,1.043562E+07,-8.937392E+05,2.291557E+04,2.178925E+02,3.756850E+07,-1.152636E+07,1.135129E+06,-3.983760E+04,1.085644E+02
alpha_120,mu,-2.224027E-01,-3.804685E-01,1.058047E+00,-2.448746E-03,3.693017E-05,2.085908E+00,-1.258173E-01,-1.433694E-01,1.218311E-02,-2.771012E-04,1.015115E+01,-6.481409E+00,1.503036E+00,-1.068647E-01,2.337811E-03,-6.221660E+01,2.774390E+01,-4.642124E+00,2.768630E-01,-5.567500E-03
alpha_120,sigma,4.124354E-01,-1.153680E-01,4.686376E-02,-2.377301E-03,4.307564E-05,-1.404354E+01,5.387733E+00,-7.469605E-01,4.257153E-02,-8.198292E-04,7.506464E+01,-2.901919E+01,4.028420E+00,-2.294287E-01,4.513904E-03,-1.145922E+02,4.510626E+01,-6.376456E+00,3.700007E-01,-7.319989E-03
alpha_120,lambda,9.842751E+02,-3.044146E+02,1.409949E+01,3.311650E+00,-8.335228E-02,3.068445E+04,-1.096855E+04,1.376922E+03,-7.070490E+01,1.315210E+00,-1.387455E+05,4.858724E+04,-5.796527E+03,2.768120E+02,-4.605681E+00,1.293708E+05,-4.442883E+04,5.192123E+03,-2.296415E+02,3.288847E+00
alpha_120,b,-1.177723E+00,8.992600E-02,9.996087E-01,1.576607E-03,-4.046765E-05,1.307945E+01,-5.517071E+00,8.109960E-01,-5.199045E-02,1.105328E-03,-8.077250E+01,3.133532E+01,-4.710384E+00,2.929457E-01,-6.156199E-03,1.276301E+02,-4.931347E+01,7.151630E+00,-4.576809E-01,9.653212E-03
alpha_120,c,1.476695E+01,-4.696055E+00,1.599116E+00,-2.106347E-02,2.870298E-04,-1.490815E+02,4.808112E+01,-4.497817E+00,1.570012E-01,-1.684732E-03,3.277492E+02,-1.025448E+02,8.054987E+00,-1.884420E-01,1.195518E-04,-1.811515E+02,5.169213E+01,-2.704168E+00,-7.203246E-02,3.839509E-03
alpha_122,a,1.994610E+05,-4.583799E+04,2.682717E+03,-6.352544E+01,-1.860761E+01,-9.765654E+05,-5.245475E+04,7.792053E+04,-9.151458E+03,3.511241E+02,4.686362E+05,1.249061E+06,-4.199158E+05,4.195994E+04,-1.397897E+03,2.043913E+06,-2.260263E+06,5.774308E+05,-5.379815E+04,1.739812E+03
alpha_122,mu,-1.569202E+00,1.049097E-01,9.985147E-01,1.772412E-03,-4.592432E-05,1.083264E+01,-4.146819E+00,4.546554E-01,-2.316754E-02,4.135054E-04,2.323298E+00,1.118843E+00,4.158633E-02,-1.229309E-02,4.498992E-04,-6.954897E+01,2.414160E+01,-3.514821E+00,1.914978E-01,-3.819519E-03
alpha_122,sigma,-3.020756E-01,1.531367E-01,1.325849E-02,-5.701118E-04,1.048294E-05,-1.368281E+01,4.801324E+00,-6.378293E-01,3.621993E-02,-7.033565E-04,1.035711E+02,-3.659236E+01,4.754753E+00,-2.608788E-01,5.071650E-03,-1.736002E+02,6.276383E+01,-8.295636E+00,4.610660E-01,-8.970573E-03
alpha_122,lambda,-2.169883E+02,2.195800E+02,-6.125203E+01,7.196208E+00,-1.707606E-01,1.435528E+04,-5.802057E+03,8.287290E+02,-4.758080E+01,1.017439E+00,-5.956159E+04,2.261790E+04,-2.840197E+03,1.426041E+02,-2.496990E+00,4.963628E+04,-1.921713E+04,2.422929E+03,-1.088385E+02,1.442387E+00
alpha_122,b,9.770824E+00,-3.248111E+00,1.504361E+00,-1.990103E-02,3.214718E-04,-1.266622E+02,4.250795E+01,-4.779282E+00,2.194357E-01,-3.474036E-03,3.874836E+02,-1.321590E+02,1.429252E+01,-6.450552E-01,1.002269E-02,-3.312821E+02,1.128018E+02,-1.223062E+01,5.205870E-01,-7.803515E-03
alpha_122,c,-9.916267E-01,-8.804943E-02,1.027469E+00,9.428357E-04,-2.909666E-05,1.123429E+01,-5.418295E+00,7.820949E-01,-4.997300E-02,1.037626E-03,-7.815085E+01,3.259667E+01,-4.907646E+00,2.965010E-01,-6.045315E-03,1.262071E+02,-5.083533E+01,7.453432E+00,-4.679321E-01,9.576938E-03
alpha_200,a,2.232448E+04,-8.683222E+03,1.042927E+03,1.522639E-01,1.598234E-01,-1.126440E+05,6.002746E+04,-1.079756E+04,6.921396E+02,-1.600643E+01,3.951261E+05,-2.471346E+05,4.932451E+04,-3.565204E+03,8.220878E+01,-9.270640E+05,4.706602E+05,-8.323029E+04,5.761111E+03,-1.315627E+02
alpha_200,mu,-1.365506E+00,-4.593349E-02,1.025771E+00,-1.295073E-03,2.143299E-05,1.535316E+01,-4.114318E+00,2.549707E-01,-4.261063E-03,-3.273457E-05,-4.378257E+01,1.069370E+01,-3.809686E-01,-2.220810E-02,9.690602E-04,5.631869E+00,4.562021E+00,-1.852906E+00,1.389256E-01,-3.193093E-03
alpha_200,sigma,2.673148E-01,-9.038700E-02,4.793163E-02,-2.600772E-03,4.939016E-05,-1.356396E+01,5.609255E+00,-8.265577E-01,4.925684E-02,-9.805608E-04,7.875605E+01,-3.193508E+01,4.604367E+00,-2.710946E-01,5.474930E-03,-1.298476E+02,5.233208E+01,-7.534168E+00,4.455243E-01,-8.994478E-03
alpha_200,lambda,2.193567E+03,-8.327941E+02,1.057009E+02,-2.355606E+00,2.448250E-02,-4.128880E+03,1.061501E+03,-7.898192E+01,5.770341E+00,-9.333186E-02,-1.726314E+03,2.889494E+03,-5.885858E+02,1.745956E+01,4.755175E-02,8.435164E+03,-5.611872E+03,1.023414E+03,-3.381018E+01,-1.858918E-01
alpha_200,b,1.746581E-01,-1.583405E-01,1.066354E+00,-1.984921E-03,3.537966E-05,-9.342213E+00,4.294468E+00,-6.325848E-01,3.199045E-02,-5.639108E-04,3.509396E+01,-1.835574E+01,2.786791E+00,-1.450956E-01,2.526474E-03,-5.332546E+01,2.602459E+01,-4.134679E+00,2.087516E-01,-3.534790E-03
alpha_202,a,2.659978E+03,-7.535947E+02,1.165808E+02,-2.067381E+01,-1.714126E-01,-8.659100E+04,2.402609E+04,-1.218901E+03,-1.268341E+02,1.027287E+01,2.161311E+05,-3.423682E+04,-5.924453E+03,1.327558E+03,-5.895857E+01,1.917736E+04,-7.493320E+04,2.455273E+04,-2.710628E+03,9.746095E+01
alpha_202,mu,-1.225349E+00,-2.012528E-01,1.060866E+00,-1.886994E-03,2.471683E-05,2.140778E+01,-6.671859E+00,6.298148E-01,-2.638913E-02,3.912359E-04,-8.043182E+01,2.683994E+01,-2.844105E+00,1.213747E-01,-1.698610E-03,7.051666E+01,-2.257570E+01,2.130017E+00,-9.369359E-02,1.111882E-03
alpha_202,sigma,-1.074494E-01,3.073858E-02,3.652830E-02,-2.179905E-03,4.454732E-05,-9.588940E+00,4.155907E+00,-6.567018E-01,4.326748E-02,-9.302688E-04,6.784121E+01,-2.787825E+01,4.130321E+00,-2.557992E-01,5.492677E-03,-1.236536E+02,5.027475E+01,-7.367526E+00,4.496624E-01,-9.521454E-03
alpha_202,lambda,4.393266E+02,-3.237753E+02,6.344329E+01,-2.286481E+00,1.925610E-02,2.318759E+04,-7.453260E+03,8.172108E+02,-3.277617E+01,5.765269E-01,-1.049549E+05,3.555644E+04,-4.145557E+03,1.910616E+02,-3.055370E+00,1.093986E+05,-3.749928E+04,4.495648E+03,-2.068648E+02,3.124863E+00
alpha_202,b,-1.163327E+00,2.529216E-01,1.036922E+00,9.465832E-04,-3.834655E-06,1.710794E+01,-5.952004E+00,5.516479E-01,-2.612218E-02,3.090501E-04,-6.642914E+01,2.179362E+01,-2.342637E+00,1.050410E-01,-1.436487E-03,6.705519E+01,-2.151154E+01,2.215261E+00,-1.135575E-01,1.747933E-03
alpha_210,a,-3.411764E+04,1.391219E+04,-1.893037E+03,3.233958E+01,-8.628643E-01,-2.165788E+05,7.439048E+04,-7.044350E+03,1.157804E+02,2.155526E+00,2.216738E+06,-7.950961E+05,9.464417E+04,-4.267139E+03,6.094390E+01,-3.422111E+06,1.252241E+06,-1.569949E+05,7.865880E+03,-1.212752E+02
alpha_210,mu,-2.290005E+00,3.341420E-01,9.748855E-01,9.763878E-04,-1.220934E-05,1.403440E+01,-4.619456E+00,4.738607E-01,-2.117586E-02,3.128455E-04,-3.421227E+01,1.138189E+01,-1.114625E+00,4.915407E-02,-7.017289E-04,9.590721E+00,-1.493574E+00,-3.636607E-01,1.896429E-02,-4.194932E-04
alpha_210,sigma,-1.320604E-01,6.721064E-02,2.745061E-02,-1.626744E-03,3.277363E-05,-9.447567E+00,3.629498E+00,-5.048510E-01,2.922903E-02,-5.744195E-04,5.373344E+01,-2.043961E+01,2.785714E+00,-1.557171E-01,3.076579E-03,-8.274907E+01,3.213573E+01,-4.482806E+00,2.560664E-01,-5.062627E-03
alpha_210,lambda,5.686334E+02,-2.219893E+02,2.887584E+01,9.464544E-01,-7.025266E-03,-9.509733E+03,2.150031E+03,-4.453211E+01,-6.490299E+00,1.106515E-01,4.134466E+04,-9.337201E+03,2.426069E+02,2.999425E+01,-7.580675E-01,-3.455794E+04,6.250422E+03,3.222162E+02,-6.428628E+01,1.523107E+00
alpha_210,b,-1.353812E+00,3.519016E-01,1.005316E+00,1.228552E-03,-2.822893E-05,1.450516E+01,-5.807877E+00,6.663150E-01,-3.776861E-02,7.535436E-04,-7.025828E+01,2.492980E+01,-3.249329E+00,1.861961E-01,-3.787279E-03,8.931330E+01,-3.168996E+01,4.127621E+00,-2.587453E-01,5.483332E-03
alpha_212,a,3.221368E+05,-8.917740E+04,7.327499E+03,-2.778302E+02,2.293960E+01,-6.843643E+06,2.531078E+06,-3.414586E+05,2.053151E+04,-5.233855E+02,2.562991E+07,-1.000542E+07,1.434058E+06,-9.006233E+04,2.151058E+03,-2.693563E+07,1.088544E+07,-1.620989E+06,1.055282E+05,-2.550815E+03
alpha_212,mu,1.077645E+01,-4.196284E+00,1.535254E+00,-2.533867E-02,4.372268E-04,-2.553044E+02,8.835123E+01,-1.084937E+01,5.517732E-01,-9.918511E-03,1.356037E+03,-4.767206E+02,5.913110E+01,-3.041424E+00,5.519476E-02,-2.024291E+03,7.214074E+02,-9.071945E+01,4.706698E+00,-8.594733E-02
alpha_212,sigma,1.116015E+01,-3.952294E+00,5.309682E-01,-2.785343E-02,5.158350E-04,-2.519955E+02,9.164948E+01,-1.170637E+01,6.198669E-01,-1.154070E-02,1.316468E+03,-4.850928E+02,6.261003E+01,-3.338407E+00,6.253442E-02,-1.953027E+03,7.269420E+02,-9.471168E+01,5.092384E+00,-9.593451E-02
alpha_212,lambda,1.608682E+03,-1.566050E+03,2.494723E+02,-1.132757E+01,1.793489E-01,-1.444796E+04,2.379998E+04,-4.059829E+03,2.347474E+02,-4.337821E+00,-3.852016E+04,-8.450715E+04,1.663581E+04,-9.895595E+02,1.880803E+01,1.128651E+05,9.439068E+04,-2.031390E+04,1.233590E+03,-2.342216E+01
alpha_212,b,-3.101636E+00,1.232916E+00,9.452525E-01,6.660383E-03,-1.152079E-04,7.308167E+01,-2.093442E+01,2.267012E+00,-1.159116E-01,2.153366E-03,-2.908187E+02,7.912771E+01,-8.965912E+00,4.576025E-01,-8.878983E-03,3.474412E+02,-9.622288E+01,1.059111E+01,-5.498934E-01,1.087546E-02
alpha_212,c,-1.671118E+00,-9.642432E-02,1.017979E+00,2.263471E-03,-6.479550E-05,4.225279E+01,-1.689767E+01,2.365324E+00,-1.396748E-01,2.805831E-03,-2.919961E+02,1.118793E+02,-1.548276E+01,8.815591E-01,-1.740140E-02,4.805987E+02,-1.806242E+02,2.467024E+01,-1.417760E+00,2.808923E-02
alpha_220,a,8.715896E+04,-3.549386E+04,4.905156E+03,-2.507659E+02,5.721010E+00,-1.295917E+06,5.657879E+05,-8.585397E+04,5.162561E+03,-1.068572E+02,4.190145E+06,-1.877498E+06,2.939086E+05,-1.830440E+04,3.763268E+02,-3.879767E+06,1.745187E+06,-2.753404E+05,1.735933E+04,-3.558937E+02
alpha_220,mu,-1.755679E+01,5.515293E+00,3.506759E-01,3.300355E-02,-5.992175E-04,3.338596E+02,-1.182265E+02,1.459917E+01,-7.558798E-01,1.389846E-02,-1.410954E+03,5.188876E+02,-6.718099E+01,3.637391E+00,-6.940830E-02,1.686230E+03,-6.380132E+02,8.562791E+01,-4.839562E+00,9.584204E-02
alpha_220,sigma,-4.289985E+00,1.478376E+00,-1.427241E-01,7.115686E-03,-1.274983E-04,7.580466E+01,-2.627706E+01,3.163106E+00,-1.584876E-01,2.845742E-03,-2.914718E+02,1.041726E+02,-1.304471E+01,6.801851E-01,-1.253638E-02,2.976785E+02,-1.087719E+02,1.400795E+01,-7.547998E-01,1.439757E-02
alpha_220,lambda,-5.443370E+04,2.056287E+04,-2.810805E+03,1.684714E+02,-3.435635E+00,1.641611E+06,-6.364027E+05,8.809841E+04,-5.101185E+03,1.034801E+02,-1.026727E+07,4.067520E+06,-5.778525E+05,3.442972E+04,-7.151075E+02,1.696376E+07,-6.814590E+06,9.859527E+05,-6.015319E+04,1.283934E+03
alpha_220,b,2.263871E+01,-8.120061E+00,2.031327E+00,-5.234580E-02,9.508165E-04,-4.082017E+02,1.533485E+02,-1.986119E+01,1.057127E+00,-1.971357E-02,1.769020E+03,-6.816146E+02,9.169081E+01,-5.062029E+00,9.718489E-02,-2.253886E+03,8.819969E+02,-1.220237E+02,6.938513E+00,-1.365782E-01
alpha_222,a,-8.918543E+03,3.957717E+03,-7.205331E+02,6.877375E+01,-1.075236E+00,1.680199E+05,-6.709282E+04,9.513467E+03,-5.547038E+02,9.029059E+00,-6.900143E+05,2.692420E+05,-3.680642E+04,2.026778E+03,-3.499457E+01,8.663727E+05,-3.374162E+05,4.618164E+04,-2.563736E+03,4.521418E+01
alpha_222,mu,2.293535E+00,-1.429195E+00,1.207816E+00,-8.738250E-03,1.479830E-04,-1.854276E+01,8.451884E+00,-1.390991E+00,8.336873E-02,-1.643388E-03,7.340618E+01,-3.331176E+01,5.503375E+00,-3.554821E-01,7.444075E-03,-1.378016E+02,5.915780E+01,-9.283129E+00,5.677808E-01,-1.187624E-02
alpha_222,sigma,1.313750E+00,-4.759989E-01,1.003715E-01,-5.391672E-03,1.005895E-04,-2.183615E+01,8.651030E+00,-1.248696E+00,7.532333E-02,-1.502906E-03,1.005687E+02,-4.010308E+01,5.775275E+00,-3.483689E-01,7.227875E-03,-1.549380E+02,6.206665E+01,-8.968645E+00,5.421475E-01,-1.138576E-02
alpha_222,lambda,5.619929E+03,-1.979777E+03,2.371851E+02,-8.996053E+00,1.402925E-01,-5.882485E+04,2.183108E+04,-2.836559E+03,1.529162E+02,-2.751441E+00,2.332395E+05,-8.924206E+04,1.212470E+04,-6.837609E+02,1.313600E+01,-3.151726E+05,1.216092E+05,-1.668057E+04,9.642113E+02,-1.924260E+01
alpha_222,b,-9.873552E-01,1.693124E-01,1.045105E+00,1.513573E-04,-6.177145E-07,1.950298E+01,-6.238248E+00,5.205659E-01,-1.890170E-02,2.243256E-04,-7.207683E+01,2.094777E+01,-1.830337E+00,5.301491E-02,-4.128397E-04,5.022520E+01,-1.161296E+01,3.972269E-01,1.540706E-02,-9.201673E-04
beta_111,a,1.818877E+05,-8.366588E+04,8.197375E+03,-2.983410E+02,-4.344058E+00,-1.359202E+06,4.460313E+05,-2.271621E+04,-1.699201E+03,1.455177E+02,4.377001E+05,4.343896E+05,-2.057585E+05,2.346224E+04,-8.666315E+02,5.317806E+06,-2.879782E+06,5.686560E+05,-4.701909E+04,1.410521E+03
beta_111,mu,-1.371426E+00,-2.453904E-02,1.023498E+00,-5.407248E-04,5.990911E-06,2.055042E+01,-6.534229E+00,6.527041E-01,-3.056639E-02,5.220504E-04,-8.103991E+01,2.680226E+01,-2.915858E+00,1.401019E-01,-2.483823E-03,7.758482E+01,-2.548861E+01,2.702520E+00,-1.469861E-01,2.849773E-03
beta_111,sigma,1.273147E-01,-2.189174E-02,3.702392E-02,-1.819072E-03,3.522686E-05,-8.519431E+00,3.525678E+00,-5.259990E-01,3.196397E-02,-6.453362E-04,5.229249E+01,-2.123821E+01,3.074712E+00,-1.829594E-01,3.763743E-03,-9.373602E+01,3.782097E+01,-5.466032E+00,3.257186E-01,-6.685669E-03
beta_111,lambda,1.070325E+03,-4.783095E+02,6.901466E+01,-3.412233E+00,5.471066E-02,3.354941E+03,-7.508427E+02,1.265092E+01,5.888310E+00,-1.632515E-01,-8.855468E+03,1.420421E+03,1.381328E+02,-2.490526E+01,8.392451E-01,-2.217971E+04,1.058025E+04,-1.725687E+03,1.164669E+02,-2.688020E+00
beta_111,b,3.364179E+00,-9.945295E-01,1.217809E+00,-3.908052E-03,3.783751E-05,-3.492558E+01,8.828658E+00,-3.835151E-01,-1.838144E-02,8.767498E-04,5.235954E+00,1.403070E+01,-4.730404E+00,3.847407E-01,-8.918518E-03,1.312377E+02,-6.563289E+01,1.118715E+01,-7.525848E-01,1.567451E-02
beta_121,a,-3.068719E+05,4.542967E+03,1.163889E+04,-2.198952E+02,3.997680E+01,-2.884297E+06,2.561229E+06,-5.676422E+05,4.164320E+04,-1.150203E+03,2.628241E+07,-1.463102E+07,2.716359E+06,-1.943346E+05,4.967993E+03,-3.938368E+07,1.950062E+07,-3.392919E+06,2.400856E+05,-6.114651E+03
beta_121,mu,-7.223863E-01,-3.004999E-01,1.060188E+00,-2.255452E-03,3.342373E-05,1.401370E+01,-3.599455E+00,2.067035E-01,-3.319801E-03,-3.223869E-05,-3.442483E+01,7.212701E+00,4.784245E-03,-3.757680E-02,1.220911E-03,-1.786093E+01,1.361273E+01,-3.018597E+00,1.969822E-01,-4.249078E-03
beta_121,sigma,2.220484E-01,-6.856302E-02,4.296025E-02,-2.130486E-03,3.969538E-05,-9.989404E+00,4.237345E+00,-6.355137E-01,3.826191E-02,-7.651382E-04,6.243215E+01,-2.561374E+01,3.729040E+00,-2.204102E-01,4.477550E-03,-1.103092E+02,4.475506E+01,-6.479062E+00,3.834576E-01,-7.762865E-03
beta_121,lambda,8.769975E+02,-3.624845E+02,4.274478E+01,-5.121016E-01,-8.168200E-03,2.130022E+04,-7.205441E+03,8.489917E+02,-4.049207E+01,7.572381E-01,-9.760799E+04,3.379001E+04,-4.046482E+03,2.062917E+02,-3.686235E+00,9.480900E+04,-3.330536E+04,4.155697E+03,-2.166258E+02,3.933134E+00
beta_121,b,-5.806648E-01,-6.937185E-02,1.020873E+00,1.554027E-03,-4.359185E-05,1.305914E+01,-6.245421E+00,9.653649E-01,-6.410315E-02,1.369634E-03,-9.280031E+01,3.858614E+01,-6.028287E+00,3.780028E-01,-7.979043E-03,1.633281E+02,-6.585901E+01,9.834343E+00,-6.254056E-01,1.317846E-02
beta_121,c,8.350412E+00,-2.255096E+00,1.255298E+00,8.829181E-05,-1.171752E-04,-6.033935E+01,1.211620E+01,8.162704E-01,-1.554568E-01,4.403844E-03,-3.858635E+01,4.672521E+01,-1.375461E+01,1.080393E+00,-2.443729E-02,2.494297E+02,-1.224222E+02,2.238059E+01,-1.521180E+00,3.147896E-02
beta_211,a,-2.553445E+04,1.022958E+04,-1.123773E+03,-5.362334E+01,8.653680E-01,-3.252897E+05,1.088783E+05,-1.141135E+04,4.097780E+02,-1.075196E+00,1.868457E+06,-6.210850E+05,6.517510E+04,-2.261207E+03,6.240309E+00,-2.288429E+06,7.595141E+05,-7.979824E+04,2.748303E+03,4.770947E+00
beta_211,mu,-7.713429E-01,-2.646608E-01,1.053791E+00,-1.961810E-03,2.834771E-05,1.232613E+01,-3.680491E+00,3.212503E-01,-1.397414E-02,2.290039E-04,-4.621625E+01,1.521516E+01,-1.535051E+00,6.898672E-02,-1.131541E-03,3.501666E+01,-1.088369E+01,8.592114E-01,-4.721113E-02,8.480640E-04
beta_211,sigma,2.617702E-01,-7.395925E-02,4.379589E-02,-2.161790E-03,4.052260E-05,-1.070753E+01,4.268840E+00,-6.128568E-01,3.620681E-02,-7.186499E-04,6.118476E+01,-2.411118E+01,3.415864E+00,-1.995484E-01,4.053383E-03,-1.023559E+02,4.058264E+01,-5.793801E+00,3.414024E-01,-6.947308E-03
beta_211,lambda,1.805062E+03,-7.099925E+02,9.571345E+01,-2.924552E+00,3.504093E-02,-4.074542E+03,1.036694E+03,-2.629970E+01,-1.870640E+00,1.357447E-01,-1.057330E+03,2.867565E+03,-8.357671E+02,6.424683E+01,-1.447732E+00,1.024543E+04,-6.954665E+03,1.537332E+03,-1.042907E+02,2.177076E+00
beta_211,b,-1.363529E+00,4.052583E-01,9.995708E-01,2.800652E-03,-5.438045E-05,1.735056E+01,-7.563959E+00,9.666925E-01,-5.884556E-02,1.160481E-03,-9.094068E+01,3.525628E+01,-4.966431E+00,2.958448E-01,-6.032737E-03,1.327885E+02,-5.098646E+01,7.139069E+00,-4.463026E-01,9.337061E-03
beta_221,a,1.039234E+05,-4.005566E+04,5.252773E+03,-2.488866E+02,6.356530E+00,-1.781058E+06,7.442362E+05,-1.102472E+05,6.670473E+03,-1.445118E+02,7.660637E+06,-3.244498E+06,4.910205E+05,-3.062559E+04,6.564934E+02,-1.020801E+07,4.289400E+06,-6.471623E+05,4.060146E+04,-8.732356E+02
beta_221,mu,-6.563140E+00,1.712441E+00,8.111031E-01,1.034605E-02,-1.876098E-04,1.290959E+02,-4.375768E+01,5.055812E+00,-2.455960E-01,4.216892E-03,-5.225091E+02,1.828471E+02,-2.200702E+01,1.094633E+00,-1.907934E-02,5.677517E+02,-2.031307E+02,2.514986E+01,-1.305551E+00,2.337264E-02
beta_221,sigma,-1.349258E+00,4.598436E-01,-1.862566E-02,8.424935E-04,-9.710171E-06,1.850715E+01,-5.372758E+00,4.716400E-01,-1.380408E-02,9.073312E-05,-5.073317E+01,1.333307E+01,-8.776811E-01,-5.314363E-04,8.269095E-04,9.060024E+00,2.775338E+00,-1.372916E+00,1.332712E-01,-3.543504E-03
beta_221,lambda,-8.779090E+03,3.413334E+03,-4.991798E+02,3.560173E+01,-7.283252E-01,2.966795E+05,-1.108524E+05,1.454154E+04,-7.757964E+02,1.430773E+01,-1.603446E+06,6.096770E+05,-8.153567E+04,4.420649E+03,-8.103387E+01,2.321737E+06,-8.959018E+05,1.222658E+05,-6.797098E+03,1.261929E+02
beta_221,b,8.896724E+00,-3.239758E+00,1.428392E+00,-2.065144E-02,3.736449E-04,-1.486034E+02,5.693254E+01,-7.448285E+00,3.940282E-01,-7.281762E-03,5.961472E+02,-2.351856E+02,3.201237E+01,-1.753312E+00,3.312133E-02,-7.286208E+02,2.902664E+02,-4.060271E+01,2.273640E+00,-4.367617E-02
